[
    {
        "name": "New Zealand",
        "matches": [
            {
                "vs": "England",
                "selfScore": "241/8",
                "oppScore": "241",
                "result": "Match tied"
            },
            {
                "vs": "India",
                "selfScore": "239/8",
                "oppScore": "221",
                "result": "New Zealand won by 18 runs"
            },
            {
                "vs": "England",
                "selfScore": "186",
                "oppScore": "305/8",
                "result": "England won by 119 runs"
            },
            {
                "vs": "Australia",
                "selfScore": "157",
                "oppScore": "243/9",
                "result": "Australia won by 86 runs"
            },
            {
                "vs": "Pakistan",
                "selfScore": "237/6",
                "oppScore": "241/4",
                "result": "Pakistan won by 6 wickets (with 5 balls remaining)"
            },
            {
                "vs": "West Indies",
                "selfScore": "291/8",
                "oppScore": "286",
                "result": "New Zealand won by 5 runs"
            },
            {
                "vs": "South Africa",
                "selfScore": "245/6",
                "oppScore": "241/6",
                "result": "New Zealand won by 4 wickets (with 3 balls remaining)"
            },
            {
                "vs": "India",
                "selfScore": "",
                "oppScore": "",
                "result": "Match abandoned without a ball bowled"
            },
            {
                "vs": "Afghanistan",
                "selfScore": "173/3",
                "oppScore": "172",
                "result": "New Zealand won by 7 wickets (with 107 balls remaining)"
            },
            {
                "vs": "Bangladesh",
                "selfScore": "248/8",
                "oppScore": "244",
                "result": "New Zealand won by 2 wickets (with 17 balls remaining)"
            },
            {
                "vs": "Sri Lanka",
                "selfScore": "137/0",
                "oppScore": "136",
                "result": "New Zealand won by 10 wickets (with 203 balls remaining)"
            }
        ]
    },
    {
        "name": "England",
        "matches": [
            {
                "vs": "New Zealand",
                "selfScore": "241",
                "oppScore": "241/8",
                "result": "Match tied"
            },
            {
                "vs": "Australia",
                "selfScore": "226/2",
                "oppScore": "223",
                "result": "England won by 8 wickets (with 107 balls remaining)"
            },
            {
                "vs": "New Zealand",
                "selfScore": "305/8",
                "oppScore": "186",
                "result": "England won by 119 runs"
            },
            {
                "vs": "India",
                "selfScore": "337/7",
                "oppScore": "306/5",
                "result": "England won by 31 runs"
            },
            {
                "vs": "Australia",
                "selfScore": "221",
                "oppScore": "285/7",
                "result": "Australia won by 64 runs"
            },
            {
                "vs": "Sri Lanka",
                "selfScore": "212",
                "oppScore": "232/9",
                "result": "Sri Lanka won by 20 runs"
            },
            {
                "vs": "Afghanistan",
                "selfScore": "397/6",
                "oppScore": "247/8",
                "result": "England won by 150 runs"
            },
            {
                "vs": "West Indies",
                "selfScore": "213/2",
                "oppScore": "212",
                "result": "England won by 8 wickets (with 101 balls remaining)"
            },
            {
                "vs": "Bangladesh",
                "selfScore": "386/6",
                "oppScore": "280",
                "result": "England won by 106 runs"
            },
            {
                "vs": "Pakistan",
                "selfScore": "334/9",
                "oppScore": "348/8",
                "result": "Pakistan won by 14 runs"
            },
            {
                "vs": "South Africa",
                "selfScore": "311/8",
                "oppScore": "207",
                "result": "England won by 104 runs"
            }
        ]
    },
    {
        "name": "Australia",
        "matches": [
            {
                "vs": "England",
                "selfScore": "223",
                "oppScore": "226/2",
                "result": "England won by 8 wickets (with 107 balls remaining)"
            },
            {
                "vs": "South Africa",
                "selfScore": "315",
                "oppScore": "325/6",
                "result": "South Africa won by 10 runs"
            },
            {
                "vs": "New Zealand",
                "selfScore": "243/9",
                "oppScore": "157",
                "result": "Australia won by 86 runs"
            },
            {
                "vs": "England",
                "selfScore": "285/7",
                "oppScore": "221",
                "result": "Australia won by 64 runs"
            },
            {
                "vs": "Bangladesh",
                "selfScore": "381/5",
                "oppScore": "333/8",
                "result": "Australia won by 48 runs"
            },
            {
                "vs": "Sri Lanka",
                "selfScore": "334/7",
                "oppScore": "247",
                "result": "Australia won by 87 runs"
            },
            {
                "vs": "Pakistan",
                "selfScore": "307",
                "oppScore": "266",
                "result": "Australia won by 41 runs"
            },
            {
                "vs": "India",
                "selfScore": "316",
                "oppScore": "352/5",
                "result": "India won by 36 runs"
            },
            {
                "vs": "West Indies",
                "selfScore": "288",
                "oppScore": "273/9",
                "result": "Australia won by 15 runs"
            },
            {
                "vs": "Afghanistan",
                "selfScore": "209/3",
                "oppScore": "207",
                "result": "Australia won by 7 wickets (with 91 balls remaining)"
            }
        ]
    },
    {
        "name": "South Africa",
        "matches": [
            {
                "vs": "Australia",
                "selfScore": "325/6",
                "oppScore": "315",
                "result": "South Africa won by 10 runs"
            },
            {
                "vs": "Sri Lanka",
                "selfScore": "206/1",
                "oppScore": "203",
                "result": "South Africa won by 9 wickets (with 76 balls remaining)"
            },
            {
                "vs": "Pakistan",
                "selfScore": "259/9",
                "oppScore": "308/7",
                "result": "Pakistan won by 49 runs"
            },
            {
                "vs": "New Zealand",
                "selfScore": "241/6",
                "oppScore": "245/6",
                "result": "New Zealand won by 4 wickets (with 3 balls remaining)"
            },
            {
                "vs": "Afghanistan",
                "selfScore": "131/1",
                "oppScore": "125",
                "result": "South Africa won by 9 wickets (with 116 balls remaining) (D/L method)"
            },
            {
                "vs": "West Indies",
                "selfScore": "29/2",
                "oppScore": "",
                "result": "No result"
            },
            {
                "vs": "India",
                "selfScore": "227/9",
                "oppScore": "230/4",
                "result": "India won by 6 wickets (with 15 balls remaining)"
            },
            {
                "vs": "Bangladesh",
                "selfScore": "309/8",
                "oppScore": "330/6",
                "result": "Bangladesh won by 21 runs"
            },
            {
                "vs": "England",
                "selfScore": "207",
                "oppScore": "311/8",
                "result": "England won by 104 runs"
            }
        ]
    },
    {
        "name": "Sri Lanka",
        "matches": [
            {
                "vs": "India",
                "selfScore": "264/7",
                "oppScore": "265/3",
                "result": "India won by 7 wickets (with 39 balls remaining)"
            },
            {
                "vs": "West Indies",
                "selfScore": "338/6",
                "oppScore": "315/9",
                "result": "Sri Lanka won by 23 runs"
            },
            {
                "vs": "South Africa",
                "selfScore": "203",
                "oppScore": "206/1",
                "result": "South Africa won by 9 wickets (with 76 balls remaining)"
            },
            {
                "vs": "England",
                "selfScore": "232/9",
                "oppScore": "212",
                "result": "Sri Lanka won by 20 runs"
            },
            {
                "vs": "Australia",
                "selfScore": "247",
                "oppScore": "334/7",
                "result": "Australia won by 87 runs"
            },
            {
                "vs": "Bangladesh",
                "selfScore": "",
                "oppScore": "",
                "result": "Match abandoned without a ball bowled"
            },
            {
                "vs": "Pakistan",
                "selfScore": "",
                "oppScore": "",
                "result": "Match abandoned without a ball bowled"
            },
            {
                "vs": "Afghanistan",
                "selfScore": "201",
                "oppScore": "152",
                "result": "Sri Lanka won by 34 runs (D/L method)"
            },
            {
                "vs": "New Zealand",
                "selfScore": "136",
                "oppScore": "137/0",
                "result": "New Zealand won by 10 wickets (with 203 balls remaining)"
            }
        ]
    },
    {
        "name": "India",
        "matches": [
            {
                "vs": "New Zealand",
                "selfScore": "221",
                "oppScore": "239/8",
                "result": "New Zealand won by 18 runs"
            },
            {
                "vs": "Sri Lanka",
                "selfScore": "265/3",
                "oppScore": "264/7",
                "result": "India won by 7 wickets (with 39 balls remaining)"
            },
            {
                "vs": "Bangladesh",
                "selfScore": "314/9",
                "oppScore": "286",
                "result": "India won by 28 runs"
            },
            {
                "vs": "England",
                "selfScore": "306/5",
                "oppScore": "337/7",
                "result": "England won by 31 runs"
            },
            {
                "vs": "West Indies",
                "selfScore": "268/7",
                "oppScore": "143",
                "result": "India won by 125 runs"
            },
            {
                "vs": "Afghanistan",
                "selfScore": "224/8",
                "oppScore": "213",
                "result": "India won by 11 runs"
            },
            {
                "vs": "Pakistan",
                "selfScore": "336/5",
                "oppScore": "212/6",
                "result": "India won by 89 runs (D/L method)"
            },
            {
                "vs": "New Zealand",
                "selfScore": "",
                "oppScore": "",
                "result": "Match abandoned without a ball bowled"
            },
            {
                "vs": "Australia",
                "selfScore": "352/5",
                "oppScore": "316",
                "result": "India won by 36 runs"
            },
            {
                "vs": "South Africa",
                "selfScore": "230/4",
                "oppScore": "227/9",
                "result": "India won by 6 wickets (with 15 balls remaining)"
            }
        ]
    },
    {
        "name": "Pakistan",
        "matches": [
            {
                "vs": "Bangladesh",
                "selfScore": "315/9",
                "oppScore": "221",
                "result": "Pakistan won by 94 runs"
            },
            {
                "vs": "Afghanistan",
                "selfScore": "230/7",
                "oppScore": "227/9",
                "result": "Pakistan won by 3 wickets (with 2 balls remaining)"
            },
            {
                "vs": "New Zealand",
                "selfScore": "241/4",
                "oppScore": "237/6",
                "result": "Pakistan won by 6 wickets (with 5 balls remaining)"
            },
            {
                "vs": "South Africa",
                "selfScore": "308/7",
                "oppScore": "259/9",
                "result": "Pakistan won by 49 runs"
            },
            {
                "vs": "India",
                "selfScore": "212/6",
                "oppScore": "336/5",
                "result": "India won by 89 runs (D/L method)"
            },
            {
                "vs": "Australia",
                "selfScore": "266",
                "oppScore": "307",
                "result": "Australia won by 41 runs"
            },
            {
                "vs": "Sri Lanka",
                "selfScore": "",
                "oppScore": "",
                "result": "Match abandoned without a ball bowled"
            },
            {
                "vs": "England",
                "selfScore": "348/8",
                "oppScore": "334/9",
                "result": "Pakistan won by 14 runs"
            },
            {
                "vs": "West Indies",
                "selfScore": "105",
                "oppScore": "108/3",
                "result": "West Indies won by 7 wickets (with 218 balls remaining)"
            }
        ]
    },
    {
        "name": "Bangladesh",
        "matches": [
            {
                "vs": "Pakistan",
                "selfScore": "221",
                "oppScore": "315/9",
                "result": "Pakistan won by 94 runs"
            },
            {
                "vs": "India",
                "selfScore": "286",
                "oppScore": "314/9",
                "result": "India won by 28 runs"
            },
            {
                "vs": "Afghanistan",
                "selfScore": "262/7",
                "oppScore": "200",
                "result": "Bangladesh won by 62 runs"
            },
            {
                "vs": "Australia",
                "selfScore": "333/8",
                "oppScore": "381/5",
                "result": "Australia won by 48 runs"
            },
            {
                "vs": "West Indies",
                "selfScore": "322/3",
                "oppScore": "321/8",
                "result": "Bangladesh won by 7 wickets (with 51 balls remaining)"
            },
            {
                "vs": "Sri Lanka",
                "selfScore": "",
                "oppScore": "",
                "result": "Match abandoned without a ball bowled"
            },
            {
                "vs": "England",
                "selfScore": "280",
                "oppScore": "386/6",
                "result": "England won by 106 runs"
            },
            {
                "vs": "New Zealand",
                "selfScore": "244",
                "oppScore": "248/8",
                "result": "New Zealand won by 2 wickets (with 17 balls remaining)"
            },
            {
                "vs": "South Africa",
                "selfScore": "330/6",
                "oppScore": "309/8",
                "result": "Bangladesh won by 21 runs"
            }
        ]
    },
    {
        "name": "West Indies",
        "matches": [
            {
                "vs": "Afghanistan",
                "selfScore": "311/6",
                "oppScore": "288",
                "result": "West Indies won by 23 runs"
            },
            {
                "vs": "Sri Lanka",
                "selfScore": "315/9",
                "oppScore": "338/6",
                "result": "Sri Lanka won by 23 runs"
            },
            {
                "vs": "India",
                "selfScore": "143",
                "oppScore": "268/7",
                "result": "India won by 125 runs"
            },
            {
                "vs": "New Zealand",
                "selfScore": "286",
                "oppScore": "291/8",
                "result": "New Zealand won by 5 runs"
            },
            {
                "vs": "Bangladesh",
                "selfScore": "321/8",
                "oppScore": "322/3",
                "result": "Bangladesh won by 7 wickets (with 51 balls remaining)"
            },
            {
                "vs": "England",
                "selfScore": "212",
                "oppScore": "213/2",
                "result": "England won by 8 wickets (with 101 balls remaining)"
            },
            {
                "vs": "South Africa",
                "selfScore": "",
                "oppScore": "29/2",
                "result": "No result"
            },
            {
                "vs": "Australia",
                "selfScore": "273/9",
                "oppScore": "288",
                "result": "Australia won by 15 runs"
            },
            {
                "vs": "Pakistan",
                "selfScore": "108/3",
                "oppScore": "105",
                "result": "West Indies won by 7 wickets (with 218 balls remaining)"
            }
        ]
    },
    {
        "name": "Afghanistan",
        "matches": [
            {
                "vs": "West Indies",
                "selfScore": "288",
                "oppScore": "311/6",
                "result": "West Indies won by 23 runs"
            },
            {
                "vs": "Pakistan",
                "selfScore": "227/9",
                "oppScore": "230/7",
                "result": "Pakistan won by 3 wickets (with 2 balls remaining)"
            },
            {
                "vs": "Bangladesh",
                "selfScore": "200",
                "oppScore": "262/7",
                "result": "Bangladesh won by 62 runs"
            },
            {
                "vs": "India",
                "selfScore": "213",
                "oppScore": "224/8",
                "result": "India won by 11 runs"
            },
            {
                "vs": "England",
                "selfScore": "247/8",
                "oppScore": "397/6",
                "result": "England won by 150 runs"
            },
            {
                "vs": "South Africa",
                "selfScore": "125",
                "oppScore": "131/1",
                "result": "South Africa won by 9 wickets (with 116 balls remaining) (D/L method)"
            },
            {
                "vs": "New Zealand",
                "selfScore": "172",
                "oppScore": "173/3",
                "result": "New Zealand won by 7 wickets (with 107 balls remaining)"
            },
            {
                "vs": "Sri Lanka",
                "selfScore": "152",
                "oppScore": "201",
                "result": "Sri Lanka won by 34 runs (D/L method)"
            },
            {
                "vs": "Australia",
                "selfScore": "207",
                "oppScore": "209/3",
                "result": "Australia won by 7 wickets (with 91 balls remaining)"
            }
        ]
    }
]